processed_content,Sentiment
xilo really something else,Positive
3 million hp 2 second,Positive
get 5 second 0 60 still pretty zippy man like two blink woosh yeah ferrari chevrolet whoever make faster stuff assuming track boyracing care time 300 wheel spin tire plenty burning slam gear like crazy person get place get basically anywhere without even use power still gone quick understand emphasis relativity 300hp 5 second 0 60 still absolute term decently quick pairing,Negative
new fiddlestick fight got 1 hp sadly crit ace hole healed one ended turn lost,Negative
inspo pic instagram base coat orly bonder background coat alohamora lyn b design stamping plate maniology 152 space one born pretty stamping polish kit beetle gel top coat 24 hr later took roughly 6 hour time lol love final look,Positive
kevlar give 200 hp infantry,Positive
friend hp themed halloween party served,Positive
periodically got noise music playing several hp anyone else idea cause intermittent happens enough thought post attaching second four past year last one required unplug stop stopped music thx,Positive
man rage quit infinite hp,Positive
2020 hp latex 560 sale fully functional come ink printheads maintenance cartridge print 64 wide provide picture video,Positive
minmaxing furina thinking changing weapon festering uraku got 135 er main team c6 yelan hypercarry r1 xilonen kazoo xiphos change sand er give er stick hp one farm er substats current build unascended lvl 70 uraku,Positive
first movie came 4 last 6 seeing big screen living first hand craze must wonderful remember vividly hoping anniversary play theater,Positive
chopped 69 pontiac gto shortie 1 000 hp,Positive
hey guy wondering mod add like 15 chance mob spawned anywhere 0 25x 2 5x smaller larger mob speed hp would also affected modifier mob would increase speed got smaller losing hp vice versa much would cost commission someone code mod think drop could affected mob size,Negative
trying ai meme,Positive
decided buy old hp 800 g3 ebay came pretty good cpu 32 gig ram awesome le 60 downloaded linux ran modded minecraft server wanting run cousin decided sand paint pain butt nonetheless came alright reminds alot xbox one guy think definitely lot flaw closer still came alright distance,Negative
hey everyone picked hp latex 570 week ago guy used much aware fact could potential old ink blocked print head coming anyway initially printed fine today seem issue almost slow get enough ink first pass print get going okay idea thanks,Positive
site told 8686 hp first encounter true ive tryingnto kill hunter knife 1 slinger claw struggle,Negative
honest expecting survive garen ignite let alone second ignite ahri also stealed dragon make even funny,Positive
felt unbeliavably good pull,Negative
guide place said need high end9 equip outfit give end7 reach max end start leveling dweller 50 increase hp get rare legendary dweller early game could reach population unlock training room eventually level find really difficult follow strategy wrong,Negative
pretty wild coming soon someone sure,Positive
know didnt use mic ask really,Negative
engine locked unlocked replaced valve spring one cylinder ring top one bottom one snapped put head back tried pull hard oil hard pull try turn hand also hard turn yes realigned coil supposed could problem engine model number 135202 0145 01 93040627,Negative
hello everyone bought new hp victus 15 ryzen 5 8645hs rtx 4050 like 2 week ago like 2 day ago window automatically crashed saying window ran problem collecting information etc today random browsing session happened twice laptop isnt overheating work fine restarting performance great issue also today randomly got blackscreen using force restarted ok first time using ryzen cpu got ram upgraded uninstalled bloatware fix thanks advance,Positive
unit hp damage got nut,Positive
mainly pvp background lost hp like grey hard see quickly like used dragonflight anyone know change use default ui tweak thanks,Negative
22k abbelore fall hp first run,Positive
complete surron rebuild achieved 37 hp,Positive
seeing entire team low hp resupplying got fat boy equipped,Negative
question amount hp fixed besides armor influenced trait bloodline maximum age subject charming also improve summoned totem scheletons,Positive
hp envy screen popping worth repair,Positive
wowhead say applies 53 health absorb shield player appear scale key level clearly see almost 90 hp got health absorb 10 mythic something changed,Positive
monthly overview page big hp pen,Positive
always max hp resistance every fallout game wear,Positive
pretty much much else say calcs done full 4 ca rotation furina kazuha xilonen team kqm standard average ca screenshot damage account source damage time prototype amber give offensively lot hp normal dmg goblet still marginally better 1 5 even though hp competitive 4 worse tome hp goblet tends win 2 full scroll uptime context good single useful substat really big difference yea tl dr use goddamn optimiser gaslight looking ca damage full buff unreasonably high avg fanfare assumption unless want maximise screenshot damage course clear assumed 200 avg fanfare t9 furina 4 ca sound little link analysis guide neuvillette furina team remind furina kazuha zhongli average fanfare ca 1st rotation 190 195 value taken analysing gcsim sample accurate check xilonen single target healer fanfare generated healing neuvi counter balanced missed fanfare neuvi self healing fanfare generation much faster also fair assumption already generous calcs full scroll uptime requires xilonen go field twice lengthening rotation still furina buff uptime even though would expire last ca furina constellation premium upgrade like kazuha r1 5 course influence result making dmg diluted refer optimiser care much minmaxing dragon general dismiss dmg goblet please competitive sometimes better people sometimes content creator greatly exaggerate dmg bonus inflation furina co spreading furina hp atk goblet better philosophy like religious mantra usually prefer writing post refined job said soon possible,Positive
1 hp dream,Positive
anything albinaurics get 1 hp,Positive
looking harry potter fanfic nicholas flamels philosopher stone created gold tainted way goblin could detect mc think si something cleaned remember much else tainted gold idea popped conversation long ago wanted reread story came birdshot beepkeeper ff net,Positive
huge harry potter fan since kid remember first time read sorcerer stone loved ever since reread series every year watch movie little le always comfort movie year ago bought audio book would listen repeat literally finish book 7 start book 1 minute later ever since started getting dramione little year ago pull read listen hp know still love watching hermione ron seeing draco villain make sad want read unless end draco redemption arc worried ruined book since childhood get wrong love dramione kind miss hp hoping get back maybe dramione new anyone else gone little hp breakup,Positive
hp movie could die hard movie,Positive
mostly 100 sometimes random place usually happens one two mob big pack sometimes boss alone mob nameplate stuck specific normal target frame show hp going normal anyone experienced happen using vesperaltv mythic profile remember correctly happened started using,Negative
gra ktoś w 200 hp albo top 10,Positive
1st twentyfunerals 2nd jaylikeden 3rd marcusdacherry messaging winner thank yall participating giveaway next week,Positive
hp lovecraft,Positive
stupid realised understand even hundred hour take leave game give whatever hp need help understand character creation choose class show detail wotr show hp per level hp example class alchemist hp per level 5 hp 8 arcanist hp per level 4 hp 6 bloodrager hp per level 6 hp 10 hit die come update wiki assume hp hit die alchemist would d8 arcanist d6 bloodrage d10 let say start bloodrager 16 constitution many hp would think 13 10 3 con many hp would get per level p sorry make thread need refer couple time done class wiki,Negative
last sunday day looking forward collect harry potter set felt like christmas owlery boathouse hagrids hut potion class reason ended even buying advent calendar realised missed couple set come already like grimmauld place also different classroom common room library many hoping bring add onto castle weird room separated especially order get next load like get gringotts diagon alley hogwarts express burrow ollivanders weasley diagon alley set go gringotts ollivanders weasley seem may bring separate shop form new version da,Positive
ktos gra hp,Positive
modest max 5iv heatran hp grass 70bp also fun trainer id,Positive
hello sorry bad english maybe anyone help downloaded tail flashed usb stick show boot menu choose usb stick pc jump start menu choose continue boot start menu window boot second usb stick tried greeting,Negative
decomm usff hp pc good condition could use good home hp mini pc good beginner homelabbers anyone looking play around cluster item include oem power supply price include shipping paypal g timestamp model spec quantity price hp engage flex mini prodesk 600 g6 i5 10500t 16gb ddr4 1x16gb 256gb ssd 6 175 hp mp9 g4 elitedesk 800 g4 mini i5 8500t 16gb ddr4 2x8gb 256gb ssd 3 125,Positive
hp would look like 6000 hp 54 991 defense,Positive
looking trade max hp bugatti veyron,Positive
homdgcat 5 2v1 spiral abyss hp blessing,Positive
success successful sonoma 14 7 hack hp probook 450 g4 i3 7100u,Positive
someone help checked guide followed deviceproperties added aapl ig platform id device id framebuffer cursormem framebuffer patch enable pciroot 0x0 pci 0x2 0x0 something wrong,Negative
october afternoon hp photosmart 735 2003,Positive
little none knowledge amd cpu really game beginner programming little bit 3d drawing maybe rendering need monster pc laptop supposedly discount 1020 557 sound like good deal amd ryzen 7 7730u 16 gb ddr4 upgradable 32gb 1tb 2 pcie nvme ssd 1920x1080 60 hz 250 nit screen wifi 6 802 11ax bt 5 3,Negative
think got far massive health scale past level 5 000 causing double hp previous pb also happened researching dw hp couple week,Positive
talked hp support asking 21k adp 1 2 year 15k extended warranty 1 2 year,Positive
think given start get hp nerf aegir stream pretty much confirms imo despite test server hp kr hp ptr,Positive
el verano pasado estuve buscando internship en estas do empresas primero aceptaron en hp acepté la oferta llevo más menos 2 3 me trabajando con ellos el trabajo e muy relajado muy tranquilo siento que hay mucho balance entre mi escuela vida personal trabajo uso python para trabajar se hace muy agusto acabo de entrar oracle de entrada dan prestaciones muy buenas por ejemplo seguro de gastos médicos muy bueno que cubre hasta 4 5 millones de peso por enfermedad pagan 7 000 peso más en realidad son como 4 000 después de impuestos más menos en mi equipo de hp somos muy pocas persona está muy fácil organizarnos en oracle en cambio son un buen de devs usan java utilizan metodología agile hacen estar en un zoom que e como una oficina virtual todos los días hacen ir 2 veces la semana lo oficina que queda como 45 minutos sé qué sea mejor para mi carrera profesional pero también para mi felicidad estoy un poco estresado la verdad de saber qué hacer cabe mencionar que según glassdoor en hp el salario mínimo de un software developer ronda los 28k mientras que en oracle e 43k pero platicando con gente de la 2 al final terminan ganando 20k 28k respectivamente sé qué se deba la poca diferencia si e maso el doble ante de impuestos también otra cosa e que sé si importe el renombre de la empresa la que vaya finalmente tal vez ofrezcan más lana si ven que vengo de oracle ojalá puedan ayudar decidir muchas graciasss,Negative
loved see holding 2nd 3rd place category personally feel best looking gaming laptop sleek elegant total sleeper among gaming laptop market one understand good performance give think normal office work laptop,Positive
car leaking rainwater cabin taken several garage one find root cause could blockage seal failure insurance cover say mechanical issue accident water damaged electronics every light dashboard flashing though seem affect car performance engine brake steering light work fine bought car hp finance got year left pay current condition car probably worth le remaining balance according contract allowed terminate agreement return car finance company accordance section 99 consumer credit act 1974 seems like best option expect given car basically ruined assume pay difference monthly installment pay finance company refuse take car back could write totaled demand full outstanding balance,Negative
holi la cosa e estoy en embarazo punto de par tener bebé cuestión de días tengo una cuñada que todo el embarazo fue insoportable todo mundo dice que son celos envidia pero sé la mae ha pasado hablando de mi de mi embarazo haciéndome problemas tratándome mal faltándome el respeto yo por paz mental por mi bebé preferido simplemente alejarme verla más ahora ya que bebé va nacer estoy segura que va salir con que quiere venir conocerlo cosa que yo ya le advertí mi esposo que aquí la quiero yo voy estar muy vulnerable apenas recuperándome siento que sea adecuado recibir una persona como ella él lo entendió sin embargo siento que para él seguro va ser incómodo decirle que la vamos recibir todo esto ustedes qué harían la recibirían que se espere hasta que tenga la vacunas que ya estemos acomodados una rutina toda la cosa,Negative
cant decide 2 deal hello everyone basically found 2 good laptop lenovo legion pro 5 get monitor backpack mouse warranty 1 year 32gb ram 2tb ssd rtx 4070 8gb i9 14900hx go hp omen i7 12800hx rtx3080 ti 16gb gpu 64gb ram ram slower since old model 2022 2tb ssd play game heavy like valorant c go etc really mind much graphic screen quality fps 60 want focus coding llm training use virtual machine ml dl model would go almost price thanks time,Positive
seeing people using drone give 3 bar hp drone module asked world chat one responds seems people want keep secret kind annoying,Positive
hi everyone good option home lab use spec 2 cpu intel r xeon r silver 4215r cpu 3 20ghz 8 8 core 16 thread currenty 32gb ram plan upgrade 12slot storage 240ssd x2 o 4x 960 sa ssd 2 powersupply 800watts based ilo currently power use work power setting maximum power 253 watt 24hour btu hr 863 24hours like use labbing purpose possibly running hour 2 3 hour shutdown use good option go workstation desktop noice system plan run maybe 4 6 vm upgrade memory,Negative
already 4 mangas already released going preorder call cthulhu manga coming 15th oct looking recommendation graphic novel mangas similar available purchase amazon u,Positive
looking result even 40 atk card think able beat chunky dino single burst rotation,Negative
else reach 60k hp threshold,Positive
pov low hp,Positive
fyi hp remake french tv series,Positive
fully finished version hero hp deluxe soon,Positive
asking curiosity assuming bi gear vengeance dh blood dk seem get passively guardian count bear form max stacked mastery since increase hp well talent increase hp ask without depth knowledge please correct wrong thanks advance,Negative
hallo zusammen aktuell bin ich auf der suche nach einem neuen drucker für zuhause ich drucke selten und wenig aber wenn dann sollte e schon ein gerät sein mit dem ich auch kopieren kann um auf den punkt zu kommen hp hat ja eine riesen auswahl aber wie ist da aktuell mit den tonern patronen kann man da noname mittlerweile wieder verwenden oder sind die noch per fw ausgeschlossen da wäre für mich ein ko kriterium achja betracht kommt aktuell der hp mfp178 danke schon mal vorab,Positive
hi testing water used use pswindowsupdate tool scheduled task update hp estate window catalogue used method struggled using hp tool first started purchase hp laptop moved using hp script library instead installs hpia tool installed fresh time connects hp catalogue update bios use encrypted file bios password worked absolutely fine mid july g8 started request bios password boot attempting apply pre staging bios update ticket open hp speaking one support guy mentioned another customer helping removing bios password updating applying password also taken first look hp connect moving intune one team mentioned process bios update process also remove add bios password manage hp device different experience updating hp driver bios random aside manage probook g8 recurring issue sound thanks advance,Positive
hey guy searching mini pc put batocera play favorite retro game friend home tv new modding homebrewing emulation scene batocera came across video chase brogan say emulate xbox ps3 switch looked found surprisingly cheap mini pc recommended video hp elitedesk 800 g3 question good one play xbox switch n64 maybe ps2 buy expensive one,Positive
hp hp,Positive
question title take 3 shot kill leg 4 dayz bout 4 hit plank whenever fire couple shot one seems bearing many hit take kinda beat point strat,Positive
drink 1 hp comeback 30 dollar haircut lecture ultra instinct,Positive
part list people think supra really want one sound like,Negative
matter put gear using hp def though say def hp matter put gear,Positive
mutant year zero forbidden land make take standard physical damage strength alien bladerunner take damage hp counter preference view poll,Positive
got swain 45000hp talisman ascension ended 2nd place,Negative
freddy 1 hp glitch,Negative
help hp seems reduced 25 vitality 20 ng 7,Positive
02 camaro z28 would like build 415hp purchased cam installed yet wondering supporting mod installing cam sure long tube header legally might need alternative,Positive
en lo personal leído los libros solo leí 3 siento que son muy tediosos con todo respeto encuentro sorprendido por la cantidad de fan hacia está saga debería darle otra oportunidad,Negative
took like 4 year really started read best way play like year ago,Positive
able screenshot time,Positive
window xp revival hp dc5100,Positive
gotta like since enka hello first time posting got nice new timepiece artifact transmuter today think going little bit overboard crit damage try get hp circlet instead cut like 240 crit dmg crit stats new circlet unlikely anything else possibly improve rest okay team furina c0 baizhu c0 kazuha c2 planning get c1 sometime future whenever might rerun,Positive
figure sm group may better answer rest web conflicting info mostly sm tire give accurate reading dyno least make sense yea question 2024 austrian 510cc 500excf owner orange white red hp making exhaust ecu mean actual hp wheel brochure inflated dyno reading instagram heard nonsense 80hp made laugh harder want admit others saying making 50 53hp wheel everything dyno sheet seen blurry purposely information blocked looking order exhaust ecu fix issue 2024 500excf heard much better uncorked right almost dangerous serious riding power wondering benefit going different exhaust ecu option like vortex get aim etc,Positive
incluyalo en el precio ya uno decide si avanza pero haga esa pregunta tan incomoda,Positive
issue lowering refresh rate 120 60 using much battery older hp elitebook 830 g5,Positive
trying clean install proxmox 8 hp t740 keep getting error message running installer first updated bios hp latest version configured bios virtualization authenticated installer run secure boot system amd ryzen embedded v1756b w vega gfx 8gb ram intel i350t4 nic installed plan mounting mechanical room wall new gateway proxmox bare metal opnsense vm matter run installer gui terminal etc come back error first run seems say modprobe failed insert understand computer support ipmi also say modprobe failed insert also supported last error failed system call installer abort full log photo find online seems could integrated graphic compatible installer told proxmox added text mode installer option work around issue console option gui terminal option available well debug mode also small grub error get entering proxmox menu look like able locate device disk see photo anybody assist point right direction need get proxmox installed hp t740 thin client,Negative
c6 chiori furina c2 xilonen v 5m hp bos,Positive
hp tattoo,Positive
yall know muh boi drippin steal look fam free shipping cause love yall tryna spam know fam drip drip yuh boi,Positive
spoiler add 5k horsespower,Positive
hp omen gaming rendering laptop i9 9th rtx 2080 32gb ram model nb omen x 16 dg0008na intel core i9 9880h 8 core 16 thread 4 8ghz 16mb cache rtx 2080 8gb gddr6 32gb ram ddr4 2666mhz 2x16gb 1tb nvme ssd screen 15 6 fhd 240hz ip g sync battery 2 hour window 10 pro activated driver office ready price 800 testing delivery available,Negative
weapon best hu tao team build er hp hp weapon passive,Positive
hey guy recently started printing hp latex 310 print grainy weak ink density aligned printheads cleaned suggestion couple reference pic first pic another hp latex model second pic 310 using medium profile well medium anyone else experience basically ink saturation look dull mine well saturated graininess opaque color like thank help,Positive
pc boot power monitor pop hdmi top left cycle analog pc nothing mouse keyboard tried reseating gpu ram stick took gpu cleaned tried unplugging holding power disconnected avail notice substance part mono seems maybe silicone oil sort thermal compound seems leaking heatsink weird computer never run hot,Negative
ayaka exactly 20 000 hp,Positive
able get elite 2 us get rng get bos made curious would happened reach bos,Positive
hero hp v hero attack,Positive
player 1 cleric cast regenerate player 2 level 20th barbarian 24 con boon fortitude hey bob cast regenerate go fight full hour getting 8 hp regeneration per turn next 600 round probably topple nation edit know 8 hp turn nothing level 20 obviously actually gonna topple nation way pointing interaction boon fortitude regenerate someone pointed champion 18th feature give hit point every turn bloodied would interact boon fortitude also,Positive
custom battle quite custom android 17 z 33 hp force cell 2nd form transformation set android 17 z hp 0,Positive
random explosion deleted hp cultist grenade went,Positive
wondering anyone upgraded main board z420 something z440 accept v3 v4 xeon chip current main board accepts v1 xeons difference astounding currently running e5 1620 v1 gtx 1080 16gb ram dual channel help upgrade suggestion greatly appreciated,Positive
trading bmw i8 supra 1600 hp dont care design want thr max engine id player af516583,Negative
need replace battery anyone suggest best place find victus battery best price online india,Positive
selling one hp envy x360 convertible laptop stylus 65w charger ryzen 7 4700u 16gb ram 256gb ssd running window 11 home rubber strip bottom laptop removed exposing screw actually disassembled grippy liking finish edge also worn away place chassis held fine performance wise still work fine c student recently switched macbook air timestamps asking 275 shipped aside stylus good enough art imo fine light notetaking also attach laptop pretty mediocre stylus experience need aaaa battery two included buy two use,Negative
obviously got bit thing rotosequencers limited hp rack although hikari really life berlin rack piece benefitted 3 rotos got ostankino moskwa looking forward whole piece driven two 28 hp,Positive
best sorry medal atk def hp,Positive
tried everything charging day removing battery putting back etc need use computer one disc drive besides asus desktop xp assuming broken dvd drive read disc need write file onto blank dvd reposting since first post video sound,Negative
bp cookie literally strongest cookie moment shes always one first die,Negative
hello everyone new trying install sonoma 14 6 laptop reached point booting pc voice prompt installation wizard appears cannot see installation menu need help laptop hp omen 15 dc 1000ns following spec cpu intel core i7 8750h chipset intel hm370 gpu intel hd 630 disabled external nvidia gpuit boot args wifi intel wireless ac 9560 ethernet realtek gigabit also disabled virtualization technology hyper threading bios attach video efi file thank efi,Negative
hi got hp server accidentally deleted dhcp activate directory role log take password set someone plz help,Negative
god dead punched,Negative
shorekeeper enough hp,Positive
ride bandit wished maybe recon hp end,Positive
problem fan one fan making noise laptop vibrating much gave laptop shop guy replaced fan fix noise gone still little vibration guy said replace fan vibration usual want know true gave shitty fan,Negative
hp victus 15 ryzen 5600h rx 6500m 4gb 16gb ram 8x2 ddr 3200mhz used 1½ year bought amazon absolutely scratch took care like heart speck dust dirt wanna upgrade laptop b e student yesterday visited local electronic shop offerd 20 k laptop think low next plan put website like olx facebook market place please suggest fair price thanks reading,Negative
planning putting,Positive
looking basic web browsing computer mother would beelink top better old hp laptop bottom hp slow laggy thanks,Positive
someone tell level skill u hit 99 hp,Positive
spoiler add 5k horsespower,Positive
using kokomi support ayaka ttod tom hydro dp focused ever since began using team mostly hod decided go clam set since one discussion told clam ofc optimal want let blue number go question hydro goblet hp goblet use hydro goblet hydro dp team hp goblet healing clam dmg question kokomi max seafoam bubble hp hydro healing bonus set need hp goblet well course team much dmg bonus saturation well 1 28 8 dmg bonus ascension 2 75 dmg bonus furina 3 30 dmg bonus yelan 4 48 dmg bonus kazuha c2 1200 em ultimate essentially give flat dmg bonus based max hp well go two,Positive
seen offer monitor online could find little information unit outside listing seller explains unit display rgsb one specific resolution rgbs way could get unit produce image using extron 160xi convert 1024x768 rgbhv signal rgsb monitor support planning use monitor modern pc rtx 3060ti would able simply use display port vga adapter vga rgb monitor consideration must make respect sync signal special consideration need make straightforward thinking,Negative
local liquor store deal including ocho blanco repo añejo puntas good price recently gotten additive free tequila currently looking try hp blancos deciding deal fulano hp hp tried enjoyed lot also love cimarron know nom later ocho blanco reposado curious try puntas añejo never añejo puntas seems expensive everywhere deal might worth around amount money ocho combo could get chamucos diablo tapatio 110 cascahuin 48 g4 hp also available cazcanes s also 9 rosa arette 101 volans s wild common s el tequileno s happy hear suggestion try next,Positive
im sure right place post basically anytime print using perforated window vinyl strike lot normally middle spot concluded dude perforated window vinyl printer hoping get tip stop recommendation perforated window vinyl thats better would prefer thats 70 30 current one briteline wrapcast film 50 50 tip recommendation appreciated p also laminate everything print idk important,Positive
still believe landed parry love combat fight like previous game game,Positive
yes per second entire 3 point comparison healing rift give 40 point hp per second xd also use solar grenade us cooldown grenade instead overwritten 2 32 minute one use strand grenade destroys grenade uptime making hold unbreakable timer cut short oh yeah switch two different grenade element unbreakable timer infinite aka block forever even without grenade energy anyone find anything else let know,Negative
clip yesterday mere one hp managed pick shelly thanks quick thinking mouse movement ran viego got shelly kill later drove talon knockup escape,Positive
ordeal directly hp pump puncture care present station context took bike rear wheel puncture puncture care puncture hole one due one metal piece puncture guy happens look like gymbro fixed puncture happened notice air still coming immediately without consent inserted another rubber quoting two puncture charged 2 puncture 200 one hole got cheated big time exhausted work add person disability deaf imagine hard find work survive currently unpaid internship late 20 also communication skill suck coming back story want start argument paid whatever left blood boil thinking people exist hope get bad luck world p noticed two hp pump stretch one corner junction ra puram turn towards adyar coming marina santhome,Negative
ssd falling behing storage sd card came pc dying slot sd unprotected assume damaged barely used storage barrery holding 11h even low power setting 5 6 tab single world document best 5 6h continuous use want replace know process replace m2 ssd make sure compatible mb storage language speed believe probably going copy current ssd copy disk new one ssd usb box swap thing forgot wary battery removable pc 4 m4 srews easy pie already removed maintenance ventilation thermal paste change copy spects label current one order match order something better capacity mamp hour without issue cannot get new one price part 150 ssd overkill might actually downgrade want wary e waste pc take note class,Negative
tried haiku first kvm bare metal say blown away smooth everything bare metal even compared running haiku kvm sound work wi fi work internet reasonably fast falkon everybody go haiku web browser absolute opposite niche operating system like redoxos boot laptop reactos even suck officially supported hardware mjd downloading package slow unlike ghostbsd robonuggie vid falkon big plus o cli package management pkgman make cli enjoyer like feel comfortable haiku haiku unix like o still feeling like something quite unique refreshing salute devs awesome work future fo package like zellij tmux helix editor firefox available could see using haiku alongside linux probably browsing entertainment could even go ahead say haiku close o viable alternative window linux macos freebsd etc need software availability right continue use kvm play around also since haiku single user user admin priviledges haiku login manager general haiku team deal issue user security privacy user space would really like understand curtain around system habit grown,Negative
hi considering change ev daily researching ice common compare dyno curve understanding engine perform ev able find similar information power delivery misha nurburgring fame couple video topic model 3 polestar 2 surprised different resulting power curve shown near end video definitely feel difference power delivery test driving car torque cliff ps2 v tapered drawdown m3 anyone link information like ev thanks model 3 polestar 2,Positive
trouble connecting 2017 macbook pro monitor keyboard using hp thunderbolt tried insert hdmi cord docking station port two usb cord keyboard mouse docking station port work idea fix,Negative
change opponent health bar make enemy full 7 bar health start battle make take really low damage deal lot want make strong bos find option beaten whole story mode,Negative
think ever checked realised something wrong way showing task bar think got scammed hp,Negative
finally hp buff needed reconnected game got funky healthbar,Positive
yeah bought new hp victus i5 13420h rtx 4050 16 gb ddr4 512gb want get suggestion point guy old user victus love give,Positive
hp z8 g4 cpu fitment guide pre release link,Negative
title want show hitmeter green blue bar bottom without element showing,Negative
story pop o two laptop stability hibernation battery life well optimise want two display out 1080p mininum buying school physic c major see computational physicist might change track mechanical physicist flexibility need ig physic major laptop take school undergrad,Negative
elite hp reduction magic damage instant kill rate would nice others,Positive
hello two great prime deal price range would choose 1 lenovo loq 16aph8 ryzen 5 7640hs rtx 4060 750 2 hp victus 15 fb2251ng ryzen 5 8645hs rtx 4050 700 well versed tgp ram timing ssd speed affect performance would appreciate advice thanks,Positive
bro hp went,Positive
acrylic paint canvas postamericana,Positive
anyone experience using autopilot hp t550 model thin client midst finishing implementation window autopilot environment laptop desktop go profile successfully thin client however put bare bone w11 image thin client gather hash turn machine upload hash wait profile show assigned verify correct profile turn device nothing go consumer oobe happens corporate network home network checking event log see multiple autopilot manager failed retrieve setting hrresult 0x80070005 verified tpm 2 0 attestation set true everything look good spent time article troubleshooting talk manually calling autopilot profile length process powershell deleted device uploaded hash concern need manually call profile via article autopilot marker autopilot profile fails download call4cloud nl would done thin client one experience device autopilot,Positive
would changing thermalpads paste hp 3080ti reduce temp,Negative
verse stomp kim possible hilda witcher attack titan demon slayer train dragon verse beat majority full metal alchemist rwby capped mid level verse avatar jjk accurate,Positive
hp procurve 2610 poe switch 24 port poe gigabit layer 3 switch free good well home located newtown pa possibly deliver montco plymouth meeting area also couple ancient dell 2850 2950 r200 1u server drive anyone want scrap,Negative
hp stood worst tech ever hail shit,Negative
hey needed share amazed awsome device whim tried connecting work home dock hp came standard office laptop work box monitor mouse keyboard ethernet headset like anyone el home office set company dock try,Positive
hi everyone trying save grandfather call got chamberlain liftmaster professional 1 2 hp opener open garage door problem get 10 light flash trying close stay open door close hold button wall based 10 flash inability go likely sensor thinking amber sensor left green light sensor right cleaned confirmed alignment best wire also look good currently getting following behavior sensor amber always solid amber matter door open closed green light solid door closed put hand front sensor path anywhere line get green light back solid remove obstruction door open green light light sometimes barely flicker otherwise unresponsive tried cleaning lens checking alignment way door wiring also turned power garage door opener couple time seeing change troubleshooting idea tech come,Positive
fribbels hsr optimizer lingsha hp reported 3849 game combat 2529 atk value displayed fribbels different bug fribbels find lingsha hp quite low mob kill 2 hit,Negative
hp circlet,Positive
get case,Positive
auction end 24 hour,Negative
hp omen,Positive
hell everyone got old hp dl320e gen 8 lff server 2x8gb ddr3 12800r intel xeon e3 1220 v2 onboard broadcom nic hdd included support sata drive sa also upgraded license ilo advanced license forgot also intelligent provisioning broken fix life figure try see anyone use going recycling,Negative
hi 88ci fxdx got bassani greg lutzka mikuni 42mm ignition air cleaner wondering considering people run similar setup anyone vague hp tq figure bike thinking might 65ish hp cheer,Positive
time dp xuan get love,Positive
hydro goblet v hp goblet surprised ratio barely changed hp better right,Positive
dz s15 choice destiny 287k eu 20 phys dmg 20 ehp,Positive
keep noticing many old hp business laptop sold extremely low price par celeron e waste decent spec actually good deal resulting large business deciding time upgrade flooding market likely broken junk passed working,Negative
decided treat splurged staggering 30 euro gem printer love throwing money away device work well cat room full laser pointer setting beauty delightful experience akin solving rubik cube blindfolded apparently genius designer thought would hilarious ensure connect phone wi fi time bravo tech wizard instruction clear mud ended learning way indian youtubers ever school felt like eternity headache inducing trial error finally managed print document oh joy wait provided enough ink full month idea full month involves printing grand total 15 page talk generous also signed glorious three month subscription came new cartridge swap third party one surprise hp decided put microchip cartridge yes right hp want make sure use cartridge stamped seal approval apparently need permission anything home delightful little side quest returning cartridge hp recycling sure provided prepaid envelope giving back anything multimillion dollar corporation enough cash buy small country thank even prepaid envelope rather start collection used cartridge call hoarder must standing firm principle reaching limit piece junk made bold decision instead returning took great pleasure smashing printer bit know little diy fun took shredded remains stuffed prepaid envelope send dogshit back oh mention blew plastic casing new year eve real party let forget ink subscription nightmare trying cancel like trying escape bad relationship website seemed designed keep people perpetual state confusion cancel button basically placebo resort actually contacting customer service real treat casually mentioned smashed printer suggested buy new one oh think mean dream joy modern technology printer glorified paperweight hp hold monopoly ink supply customer service rep full bright idea,Negative
xilonen missing piece hu tao furina team 50 hp hu tao full fanfare stack,Positive
dz s15 toy bear 290k max score eu 20 magic dmg 30 bhp,Positive
s1r1 shorekeeper build 43311 hp er hp hp hp,Positive
messing around rpi5s plexbox medium server kubernetes cluster wanting make plunge homelab found dl360e facebook market 100 minimal ram hard drive server post ok looking variant server would come xeon e5 24xx series processor still decently modern price somewhat power efficient dual power supply open socket another processor looking forward building first couple drive ram going max cpu ram go going put proxmox build kiddos minecraft server start put picture get running figure place mount need switch office though enough ethernet port feed device,Negative
even possible mean know game roll body part roll attack beat ac roll damage pretty much ttrpg exactly like nethack similars could someone miracle mash together bunch code mod unifies limb single hp pool possible would difficult would implement would suffer incompatibility content would simple mutation alters take damage could alternative made limb breaking stuff edited couple json file pretty much code illiterate determined would need decided try something like,Negative
hp,Positive
need get r6 complete,Negative
like mualani hp scaler dmg scale max hp right mean atk stats like weapon feather completely wasted also saw people say skill shark bite considered normal attcks ig imply benefit stuff like ring yaxche normal atck dmg increase mean also need level normal attck,Positive
tank marie surviving enough hp finish bos,Positive
making video damage resist effective hp related want make sure right understand effective hp hp 1 damageresist scenario person 1000hp 20 bullet resist therefore ehp 1250 person take 150 bullet damage newbulletdamage originalbulletdamage 1 damageresist 150 8 120 reality 1000hp 120 damage 8 33 8 hit die theoretical 1250ehp 120 damage 10 42 10 hit die ehp metric used tool better understand damage time make informed decision especially know exactly much damage taking originally assumed take 50 le damage give much thought found game commonly use ehp metric thought would calculate ehp keep damage ie ehp 1250 bulletdamage 150 stay 150 thought 20 le damage kind like 20 health ehp account resist bulletdamage stay ehp already calculated turn must calculate hp damage mitigation kind confuses bit trying understand making mistake thought process understand simply adding percentage make look linear know thinking correctly help appreciated thanks advance,Positive
entire party getting thrashed meanwhile gale standing roof full hp preparing cast fireball,Positive
1 000 hp pro street 1967 chevy ii,Positive
release xilonen weapon giving 25 6 dmg bonus mention new artifact set giving 28 dmg bonus pair current best team furina kazuha would dmg bonus three make better use hp goblet c1 furina,Positive
besides getting better tool,Positive
knowledge would help improving fight nobody perfect seek know well narrowed first one around 3 8,Positive
hp 14 laptop bought amazon bought january year touchpad working mouse pointer move respond clicking sometimes right click work press certain way apparently bought refurbished product hp still agreed accept warranty new called customer service got someone named mary sure name wanted sign year long monthly service contact 16 month one time fix pay 150 fix warranty sure mechanical software fix,Positive
seriously super hard especially recoome spamming armor,Positive
wolf eye cage like outside little bit scary really,Positive
hod alhaitham maintaining 90 hp quickbloom team f12 chamber 2 2nd half maguu kenki last 30 battle cuz forgot take full video,Negative
dz s15 miguel melanie 289k max score eu 20 magic dmg 30 bhp,Positive
would put optimizer phone hard input number 2pc2pc build since pulled yelan hu tao rerun back 2023 crazy took year half put together something decent,Negative
trying get new laptop idk go samsung galaxy book route hp envy route around price right also amd intel thanks,Negative
hi everyone recently got hp elitebook 840 g7 i5 10310u want run macos sequoia however efi already failing macos sonoma tried boot external ssd specifically get following error message acpi error method parse execution failed sb pci0 lcpb ec0 btst btst bat0 time laptop boot anyway touchpad work display show completely wrong color extreme green tint problem seems acpi folder understand bare minimum ssdts ssdt time give 20 little intuitive description tried various ssdts patch github shame know know find i5 10310u 10210u explain battery error find current efi anyone take look would grateful,Negative
3 million hp bos defeated 30 sub dp c1 yelan c0 xilonen c0 furina,Positive
price 130 gbp used good condition 4 front loading 3 5 hdd bay idrac dual nics motherboard expanded via pcie already set addtional ssd installed top see photo 16gb ram tested see screenshot kingston kvr1333d3e9sk2 16g ram 16 gb 1333 mhz ddr3 ecc cl9 dimm memory kit 2 x 8 gb 240 pin let know question harddrives cable provided server,Positive
accidentially turned cap lock somehow cant turn please help also mod dont know difference software hardware please dont remove post use wrong flair,Negative
hp victus gaming laptop spec amd ryzen 5 5600h amd 4gb radeon rx 6500m graphic 15 6 inch 39 6 cm fhd ip 8gb ddr4 512gb ssd backlit kb b win 11 blue 2 29 kg fb0147ax okay gaming streaming planning play stream gta 4 5 rdr 2 wukong god war series spiderman series gran turismo 7 playable spec,Negative
got done playing random refused pick medkits even though le one bar hp entire game made pick slack mostly running around near end mission pinged medkit made sure let low hp guy know pinging save want help pinging medkit random good health ran stole man said screw terrible as teamwork trying keep u together voted kick random stole medkit low hp guy plug mic say wasnt deep like bruh low hp entire game forced kill share swarm pretty much entire time refused pick medkits would ping one guy good health would immediately run finally said whatever ignored final swarm come inferno low behold go force tyranids come clean mfers pick freaking medkit lol,Negative
much cost laptop spec gtx 1650 4gb intel core i5 12450h 1tb ssd 16 gb ram 12th gen,Negative
hello everyone got 2021 cbr650r dyno tuned back mivv full system cat db killer k n air filter got 100 1 bhp chart seeing everyones cbr getting 85 95 tune got windering whats going bike cracked dyno faulty tuned tovami netherlands got recommended multiple people said got 650r maybe 103 aswell 100 1 pretty high according,Positive
think possible integrate mini pc case yes planned would like transform pc na using box hdd storage thanks,Negative
broke game creature character probably easiest pull theory done character start want two cursed spyglass think cursed item range roll bonus might consistent currently beta possible roll 51 reroll cost spyglass mean reach 102 reroll cost use fish hook force curse find maybe know going two spyglass reroll cost go negative gain money rerolling several consequence one reroll infinitely gain money buy item want another padding scale hp high want rerolling gain money another using bone dice also scale damage reroll yes proc minus hp lot literally matter get much hp padding require lot click reroll cost went one click nothing autohotkey autoclicker script handle go make supper eat come back absolutely ludicrous hp damage seen people saying curse little broken kinda directly,Negative
jump quest civilization one chooses jump beef better safe one block walk chicken rather risk entire life 100 le hp,Positive
hp printer garbage hp ink scam,Negative
hp printer garbage hp ink scam hp printer 4 5 year worked great hp third party ink cartridge last month hp pushed firmware update started causing issue first blocked ink level used third party cartridge annoying manageable recently another update came thanks dynamic security printer almost completely useless let print scan copy even though printer still fine work third party ink basically lost time money main issue hp basically bricked working printer already paid controlling update clearly trying force people overpriced ink subscription service blocking cheaper third party option feel anti competitive since know control huge chunk printer market squeezing money u probably going buy new printer refuse keep giving hp money overpriced ink whole thing seems super shady unfair anyone else dealing,Negative
thats ok wanted share humble hp collection becouse nobody czech republic know potter fan bonus couple picture trip london,Positive
reading dramione fic called muggle born course fic draco end becoming part group fred george brought secret draco decides bothered learn tell apart call greg find hilarious edit greg gorge,Positive
player poison inhaled con damage left 9 hp however con 6 make dead due death limit 6,Negative
newest build build link,Positive
hp elitebook g6 dy every single time 10 far,Positive
happens smite baron 1139 hp,Positive
99 hp prodesk 600 g4 mini pc intel i3 8100t 8gb ram aufrüstbar 2x 2 nvme ssd slot usb c 3 2 window pro proxmox server refurbished,Negative
hp printer garbage hp ink scam,Negative
fun experience dell gutting workforce replacing human ai link story michael dell billionaire coward come sad realization going need new gaming laptop guess michael dell hp solid driving customer like waiting arm anyone recommend gaming laptop similar spec alienware x17 r1 know actual customer service preferably one begging help bot learned people skill toaster thanks advance suggestion,Negative
amazon prime vevor 2 5 hp 2 6 gallon wet dry vac w blow function 24 43 42 99,Negative
love menagerie 3 1 hp left,Positive
laptop make buzzing sound,Positive
using 30 spectro damage 3 cost make 14 damage hp 3 cost 40k hp lose 300 extra heal skill signature allows soectro damage piece giving personal damage without losing utility build included,Negative
3 million hp 3 second,Positive
sorry noob genshin impact expert player started playing maybe 3 month ago character give hp member based skill need use certain artifact character know barbara noelle bennet yaoyao also best support use character list traveler course lynette sucrose amber bennet kaeya ningguang noelle kachina yaoyao collei kinich razor sethos lisa barbara xingqiu,Positive
tend like rolling stats co creates unique character hate rolling hp however always take half maximum availible option even though average higher,Negative
xan princess job buy expensive shit cum rag think somebody drug addict pegged hp ketamine,Positive
want hp digimon crossover fic considering get final stage get seen everyone going mega f writing everyone 30 people journey mega trying keep digimon technologically advanced character familiar muggle world also aiming keep powerful important character powerful digimon though nothing ultra super ultimate e g tlalocmon shakamon burst mode etc list made nearly two year ago blue since time nearly hundred new digimon write original reasoning lot speculation feel free give advice make connection digimon see fit edit occurred never used royal knight vortex warrior 90 olympos 12 nearly would fit think saving something forgot dumbledore ancientwisemon old knowledgeable virus attribute change environment mcgonagall apollomon fiery lion nuff said flitwick thunderbirdmon eaglemon despite called ravenclaw symbol eagle gold eagle sprout hydramon big wild plant doubt care cutesy waifu stuff snape plutomon dark good cause aurora dianamon astronomy madam pomfrey cutemon healing hagrid unimon unicorn voldemort barbamon big evil wizard big evil wizard harry victorygreymon stuck one hermione cresgarurumon stuck one ron blitzgreymon stuck one fred jokermon identical twin identical digimon george jokermon identical twin identical digimon percy guardromon obeys rule kind clunky bill mummymon important enough pharohmon imo charlie red veedramon dragon red dragon molly swanmon nurturing hiss mad arthur tinmon muggle toy nevil mystimon sword g reference seamus bombermon explosive luna piximon description needed cho yagataramon ravenclaw reference draco groundramon green dragon stuck one sirius siriusmon hehe remus weregarurumon aroooo tonks betsumon weird like play dress totally unsure padma pavarti cedric diggory roger davy marcus flint potential petunia rosemon might one character give burst mode sheer fun making ratty muggle lady stronger everyone else also might make biomerge fusion give sense magical,Negative
kleerina v 3m hp bos,Positive
add sucrose instructor support generally preferred,Positive
woke one day found laptop stuck 43 charging since hour even adapter plugged current 0 imply need new adapter,Negative
hey everyone recently bought hp omen 16 i5 rtx 4050 2024 variant read post black screen issue 2023 variant especially one back port bit concerned bought 2024 hp omen 16 series back port still worried could please let know chance encounter issue also let know precaution take handling using laptop possibly avoid problem,Positive
linux live image working hp laptop,Positive
post mostly benefit newer returning player also veteran trended glassy build quite simply much content allows glassy build new 400 dungeon deceptive glassy semi glassy build fine dungeon double bos room potentially still every unless tanky enough course newer player going want run 400 dungeon eta 0 shop odds yet digested meta survivability ehp yet short story simple based ehp effective health pool principle plus opportunity cost principle mean want waste precious 10 mod slot many survival based mod want lowest cost approach ehp possible done 2 mod slot tl dr 2 mod slot increased hp plus either hp amplification stim accelerant component hp hp hp hp def hp aux sensor memory processor order ideally memory annihilation set memory 646 hp instead usual 484 hp rest component vanilla set land 5 6k def 22 25k hp leaving 8 mod slot focus skill damage utility important point avoid def based mod even given meta build us spear shield using 8 skill power def stat diminishing return point def 5k elemental resist diminishing return point 3 4k hit diminishing return point component alone many player choose skip elemental resist entirely built optimal ehp 22 25k hp shield shield based descendant follow different mod strategy discussing scope post linked guide tl dr however shield hp many case simply using combination mod convert hp shield instead plus mechanic recover shield instead recovering hp even shield based descendant optimally tanky still neighborhood 5 6k def 25 27k shield player undoubtedly argue 22 25k hp shield overkill run much le prerogative certainly wrong much game content even hard mode remember advice revolves around hardest content game intercept invasion new 400 dungeon tackle anything le optimal ehp skilled enough avoiding damage content fine 15k 11k 8k hp great understand newer player especially might understand fight mechanic well enough twitch skill situational awareness avoid damage well huge benefit team mate run tanky optimal ehp difficult content type word might need 1 hp mod player might need 2 hp mod minimize frustration le drag team want dive deeper tl dr understand ehp game want see diminishing return graph stuff like check two ehp guide wrote couple month ago visual guide optimal ehp gearing def v hp choice visual guide ehp gearing pt 2 optimal resist choice,Positive
hp z8 g4 cpu fitment guide video nearing completion warm quick written tutorial process cpu fitment including bios update cpu removal thermal paste application cpu carrier fitment cpu cooler installation torque setting torque screwdriver requirement tool material required 1 dual xeon processor lga 3647 compatible 2 hp z8 g4 workstation dual lga 3647 socket motherboard 3 thermal paste used thermal grizzly kryonaut 4 compatible cpu cooler carrier fan stock cooler lga 3647 aftermarket cpu 0 900197 001 cpu1 900198 001 907572 001 5 torque screwdriver vanpo similar screwdriver torque spec 0 5nm 6nm 6 esd mat wrist strap recommended prevent static discharge 7 lint free cloth isopropyl alcohol clean cpu heatsinks official guide sighted preparing guide install intel xeon processor lga3647 socket maintenance service guide hp z8 g4 workstation pg 34 36 disclaimer guide provided informational purpose racerrrz assumes responsibility liability damage injury loss may occur result following instruction herein user exercise caution ensure proper understanding procedure attempting hardware installation recommended consult professional technician refer official manufacturer documentation uncertain proceed risk instruction compiled experience z8 g4 workstation provided guide warranty implied murphy law applies something go wrong go wrong prepare step step instruction pre fitment bios update system check visit hp website download appropriate bios system best update system bios upgrade avoid cpu detection issue using hp installation assistant within o make process seamless alternative method update bios beyond scope cpu fitment guide ensure system stable power update power loss result bios corruption complete ensure system still boot o 1 prepare work area ensure workstation flat static free surface use esd wrist strap mat prevent static damage motherboard processor power workstation unplug cable remove side panel access internal component hold power button second drain capacitor 2 cpu removal fitted locate cpu cooler remove cooler follow recommended removal step extended t30 torx bit required clear cooler height four screw need undone follow guidance printed cooler visit intel website lga 3647 socket removal guidance take care cpu held cooler plastic carrier cpu could remain behind carrier absent broken take caution removing cpu cooler interest checked torque cpu cooler removing torque ranged 4 7 lb across t30 torx screw likely due fitted torque screwdriver previous owner fitting new cpu remove first xeon processor packaging handling edge avoid contact delicate pin surface inspect golden contact surface thermal paste present use cloth isopropyl alcohol clean contact pad surface take care golden pad dismount agitation gentle also check thermal paste exposed resistor near center cpu electrically conductive thermal paste would detrimental best remove paste region present gentle 3 thermal paste application thermal paste best applied cpu ensure full coverage ihs surface start generous volume thermal paste application 0 5ml large blob ideally need spread using plastic credit card thermal paste spreader apply light pressure thermal paste spreading process take time worth effort obtain 100 coverage proceed apply 5 small blob thermal paste equidistant point ihs surface help filling imperfection help avoid air pocket forming 4 mate cpu plastic cpu carrier cooler align triangular notch cpu notch cpu carrier two hook hold cpu place take care damage carrier lga 3647 carrier different cpu 0 cpu 1 z8 g4 carrier specific mounting mechanism clip cpu cooler ensure four corner carrier clip cooler visually inspect cooler carrier cpu flush fitment error lead cracked cpu silicon take time check flush 5 mount cpu cooler remove protective plastic cover socket refit cpu cooler cpu check triangle orient cooler direction correctly make sure obtain good fitment socket plug cpu fan connector difficult fit later cautious drop bump cooler cpu start t30 torx screw hand ensure grab correctly starting use torque screwdriver tighten cpu using digital torque screwdriver intel recommended specification lga 3647 socket recommended torque specification 12 lb 1 3558nm accuracy torque screwdriver unknown better torque torque 6 repeat second xeon cpu repeat process second cpu cpu1 7 reassemble workstation cpu cooler installed double check fan connection reinstall removed panel workstation side panel reconnect external cable power machine 8 post fitment system check power workstation enter bios pressing appropriate key usually f10 hp verify processor recognized system check cpu temperature fan speed ensure everything functioning correctly exit bios boot operating system confirm full functionality enjoy new cpu already hp z8 g4 looking cpu upgrade overlook previous xeon cpu mega list post photo system go subreddit youtube post allow 5 pic discord server link name hspec computing cpu mega list support z8g4 z840 hp server hpworkstation racerrrz cpu stay tuned,Negative
3 full playthrough got leave 3 time even one run low health checked angela knife like 60 70 time still got leave tried reloading save two p head fight 1hp check knife multiple time let game run one hour 1hp screen knife still got leave seen streamer got leave first playthrough getting water checking knife time low hp idk get ending,Negative
got barrel type charger old hp envy 17 plenty option charge 65w rating charging brick curious made usb option style plug,Positive
higher iv perfect hp stat higher level cp compared lower iv chansey despite health 268 weaker 272 explanation sorry dumb question,Positive
old hp tablet someone gave recently,Negative
fighting cell last 10 min 1 hp think supposed win fight,Negative
ebay hp envy x360 2 1 laptop 14 1200p touchscreen ryzen 7 8840hs cpu 16gb ram 1tb ssd 43 599 99,Negative
price good condition one better leaning hp 120hz,Positive
hp indeed stand hinge problem,Positive
micro center hp omen 16 1 platinum collection gaming laptop 16 ae0001nr meteor silver sale 989 99 le w additional saving select free store pickup stock permit note product availability may vary location additional saving new micro center customer may save 25 100 sign via text receive one time store coupon spec key feature intel core i7 14700hx 5 5ghz processor raptor lake 16 1 1920x1080p fhd ip micro edge 165hz 300 nit display w truevision fhd camera 1tb pcie gen4 nvme 2 solid state drive ssd 32gb 2x16gb ddr5 dimm 5600mhz nvidia geforce rtx 4070 8gb gddr6 vr ready gpu hyperx dual speaker audio wifi 6e 802 11ax 2x2 w bluetooth 5 3 full size rgb backlit keyboard w numeric keypad imagepad 6 cell lithium ion polymer battery window 11 home o input 2x usb 3 1 gen 1 type 1x usb 3 1 gen 1 type c 1x hdmi,Negative
finally got echo jesus christ nerf top 1 nuke build triple hp clear easily lol,Positive
1000 hp factory,Positive
curiosity get maton sword 1000hp arachnidemon 400hp one armor would get 1 hp low level also 1 hp mean 1 still 1 hp hence mean use skill rely 1 hp infinitely cause hp 1 time right example use saber aura 1 hp stack infinitely cause hp take die edit 1 max hp impossible improbable want know,Positive
hi um yeah aiming 40k 64 300 think best way go sand idk reversing circlet thought good circlet yet,Positive
0 hp bos battle,Positive
yao yao deepwood support somehow got 43 2 crit value healing bonus circlet,Negative
hp liking anyone anymore good riddance lol,Positive
would gem flat hp acc,Positive
